{
    "vRqItTkzS48XHcmPayrollCreateMergeHistoricalSalary": {
        "lambda": {
            "headers": {
                "Content-Type": "application/json",
                "X-Senior-Token": "Bearer fec1e00a780b02ed335c4e1f5bbe6433"
            },
            "body": {
                "id": "C2F1DEF9D77657FBA51FFA3B93C6DDB6",
                "dateWhen": "2020-11-06",
                "employee": {
                    "id": "571AD564C8F14D7B93844814EAA5A3A7"
                },
                "salaryType": "Monthly",
                "valueCrypto": 5000,
                "movimentationReason": {
                    "id": "124AB37AF8CB471EB25CAB472DA04E2A"
                },
                "custom": {}
            }
        }
    }
}