{
    "vRqItTkzS48XHcmPayrollEmployeeSave3": {
        "lambda": {
            "headers": {
                "Content-Type": "application/json",
                "X-Senior-Token": "Bearer fec1e00a780b02ed335c4e1f5bbe6433"
            },
            "body": {
                "sheetContract": {
                    "admissionOriginType": {
                        "key": "NORMAL",
                        "value": "Normal"
                    },
                    "hireDate": "2008-06-16",
                    "registernumber": 37,
                    "registrationNumber": 15,
                    "hireType": {
                        "key": "Reemprego",
                        "value": "2 - Reemprego"
                    },
                    "situation": {
                        "tableId": "7C501AED16B44C489CC71098CB681A05",
                        "name": "Trabalhando"
                    },
                    "movimentationReason": {
                        "tableId": "74656D4EF8714E18AF835F48399159DB",
                        "name": "Promoção de Cargo (CS)"
                    },
                    "eSocialAdmissionType": {
                        "key": "TYPE_01",
                        "value": "Admissão"
                    },
                    "categoryESocial": {
                        "key": "Category_101",
                        "value": "101 - Empregado - Geral, inclusive o empregado público da administração direta ou indireta contratado pela CLT (Vigente desde 16/06/2008)"
                    },
                    "sefipCategoryType": {
                        "key": "TYPE_01",
                        "value": "Empregado (Vigente desde 16/06/2008)"
                    },
                    "unemploymentInsuranceType": {
                        "key": "NOT_CONSULTED",
                        "value": "Não consultado"
                    },
                    "appearsinRais": "false",
                    "actingType": {
                        "tableId": "04E601D01D64456398BAE5AD4685EBB7",
                        "name": "Atuação Principal"
                    },
                    "employeeType": {
                        "key": "EMPLOYEE",
                        "value": "1 - Colaborador"
                    },
                    "employmentRelationship": {
                        "tableId": "7ECA545D0CE34729BF3B00BD45C7AA99",
                        "name": "10 - Trb.Urb,Emp.Jur,CLT (Vigente desde 16/06/2008)"
                    },
                    "duration": 30,
                    "extension": 60,
                    "endDate": "2008-09-13",
                    "customFieldsEmployee": [
                        {
                            "field": "USU_CARCON",
                            "value": null
                        }
                    ],
                    "customFieldsHistoricalExpenseNature": []
                },
                "sheetDocument": {
                    "cpfNumber": "11218240059",
                    "pisNumber": "10241242301",
                    "ctpsNumber": "000974563",
                    "ctpsSerie": "13654",
                    "ctpsState": {
                        "tableId": "CD502EF03EB44C80899D5226B297F8C2",
                        "name": "Santa Catarina"
                    },
                    "ctpsIssuanceDate": "1990-01-01",
                    "rgNumber": "99999",
                    "rgIssuer": "SSP",
                    "rgState": {
                        "tableId": "CD502EF03EB44C80899D5226B297F8C2",
                        "name": "Santa Catarina"
                    },
                    "rgIssuanceDate": "2010-01-01",
                    "customFieldsRg": []
                },
                "sheetFinancial": {
                    "payType": {
                        "key": "Monthly",
                        "value": "Mensal"
                    },
                    "payMode": {
                        "key": "BankRelationship",
                        "value": "Relação bancária"
                    },
                    "receivesThirteenthSalary": "true",
                    "receivesSalaryAdvance": "true",
                    "bank": {
                        "tableId": "864A25C0522743038BEFBB24F3AE7D91",
                        "name": "1 - Banco do Brasil"
                    },
                    "bankBranch": {
                        "tableId": "0FAD03D7DD4D4DAA9CC9236FCDE748ED",
                        "name": "1 - CENTRO"
                    },
                    "accountType": {
                        "key": "CurrentAccount",
                        "value": "1 - Conta Corrente"
                    },
                    "accountNumber": "154894",
                    "accountDigit": "16",
                    "fgtsInterestRate": 3,
                    "fgtsOptingDate": "2008-06-16",
                    "optingForFGTS": "true",
                    "customFieldsAccount": [],
                    "useHistoricalBankAccount": false,
                    "hireDate": "1900-01-01"
                },
                "sheetInitial": {
                    "company": {
                        "tableId": "CA30E9ABBB71447A9641EC22DB9592CD",
                        "name": "1 - Demonstra Ind.& Com. Têxtil S/A"
                    },
                    "contractNationality": {
                        "key": "National",
                        "value": "1 - Nacional"
                    },
                    "employee": {
                        "tableId": "571AD564C8F14D7B93844814EAA5A3A7",
                        "name": "Maria Amélia Dos Santos"
                    },
                    "contractType": {
                        "key": "Employee",
                        "value": "1 - Empregado"
                    },
                    "person": {
                        "tableId": "1DCE0B6938914C4FB8906C81FF84C646",
                        "name": "Maria Amélia Dos Santos"
                    }
                },
                "sheetPersona": {
                    "attachment": {
                        "attachmentId": "998444BCD9384251A8AF9AC72B0EF5D2",
                        "fileId": "7A3171BEA2AD4BB0A00FEF1BFF07B563/1_1_37.bmp",
                        "thumbnail": false
                    },
                    "nickname": "AP",
                    "gender": {
                        "key": "Male",
                        "value": "Masculino"
                    },
                    "birthday": "1974-06-30",
                    "maritalStatus": {
                        "key": "Single",
                        "value": "1 - Solteiro"
                    },
                    "degreeOfEducation": {
                        "tableId": "6B54D1014D2E4F0FAD315E0F139A17B1",
                        "name": "9 - Superior Completo"
                    },
                    "nationality": {
                        "tableId": "B4D99822DC8844D2A6040C78F32904D1",
                        "name": "10 - Brasileiro"
                    },
                    "race": {
                        "key": "White",
                        "value": "1 - Branca"
                    },
                    "countryOfBirthday": {
                        "tableId": "814F53BF44F84EC697397A021C156B5A",
                        "name": "Brasil"
                    },
                    "stateOfBirthday": {
                        "tableId": "CD502EF03EB44C80899D5226B297F8C2",
                        "name": "Santa Catarina"
                    },
                    "cityOfBirthday": {
                        "tableId": "44B30A08F8D74E69B83BADF1EE692164",
                        "name": "BLUMENAU"
                    },
                    "country": {
                        "tableId": "814F53BF44F84EC697397A021C156B5A",
                        "name": "Brasil"
                    },
                    "cep": "89052320",
                    "state": {
                        "tableId": "CD502EF03EB44C80899D5226B297F8C2",
                        "name": "Santa Catarina"
                    },
                    "city": {
                        "tableId": "44B30A08F8D74E69B83BADF1EE692164",
                        "name": "BLUMENAU"
                    },
                    "addressType": {
                        "key": "Street",
                        "value": "Rua"
                    },
                    "addressName": "Rua das Amoreiras",
                    "addressNumber": "7897",
                    "emails": [
                        {
                            "id": "70A6758FCFBB4A7986F432C048B60927",
                            "email": "mariaamelia.santos@email.com.br",
                            "emailType": {
                                "key": "Personal",
                                "value": "1 - E-mail Pessoal"
                            }
                        }
                    ],
                    "isDisability": "false",
                    "customFieldsPerson": []
                },
                "sheetPlace": {
                    "workstationGroup": {
                        "tableId": "47FF18DDE2664B4296F89DFC828B27C4",
                        "name": "ADM002 - Administrador de Compras (Vigente desde 01/04/2015)"
                    },
                    "branch": {
                        "tableId": "ECE52A1164BF414E8E9A9AE7927D9342",
                        "name": "1 - Demonstra S/A - Matriz (Vigente desde 01/04/2015)"
                    },
                    "costCenter": {
                        "tableId": "99A02ED2A57B4C7B805C0D706A1EAC4C",
                        "name": "14 - Administrativo (Vigente desde 01/04/2015)"
                    },
                    "department": {
                        "tableId": "AB8F179BD59C4443AEFE734B0FA8D341",
                        "name": "1.02 - Administração (Vigente desde 01/04/2015)"
                    },
                    "jobPosition": {
                        "tableId": "D23222479F524E039CA1FE2B6832C6EB",
                        "name": "11 - Auxiliar Administrativo (Vigente desde 01/04/2015)"
                    },
                    "workstationGroupStartDate": "2008-06-16",
                    "branchStartDate": "2008-06-16",
                    "costCenterStartDate": "2008-06-16",
                    "departmentStartDate": "2008-06-16",
                    "jobPositionStartDate": "2008-06-16",
                    "customFieldsHistoricalWorkstation": [],
                    "customFieldsHistoricalCostCenter": [],
                    "customFieldsHistoricalJobPosition": [],
                    "customFieldsHistoricalCompanyBranch": [],
                    "customFieldsHistoricalDepartment": []
                },
                "sheetSalary": {
                    "salaryType": {
                        "key": "Monthly",
                        "value": "Mensalista (Vigente desde 01/04/2015)"
                    },
                    "wageScale": {
                        "tableId": "682A3805E18041D185CC90587AF671AB",
                        "name": "Demonstração (Vigente desde 01/04/2015)"
                    },
                    "wageClass": {
                        "tableId": "93527B054034491BB9B7200BC9763510",
                        "name": "E (Vigente desde 01/04/2015)"
                    },
                    "wageLevel": {
                        "tableId": "8FF673AFA4CF4C54B1C51F0AF103D05A",
                        "name": "1 (Vigente desde 01/04/2015)"
                    },
                    "salary": "1820.07",
                    "customFieldsHistoricalSalary": []
                },
                "sheetSyndicate": [
                    {
                        "syndicate": {
                            "tableId": "A30ACAF4AD5840FBB9AA6AEE038549C7",
                            "name": "Sind. Indústria Blumenau (Vigente desde 16/06/2008)"
                        },
                        "isMainSyndicate": true,
                        "isUnionized": false,
                        "isAssistanceFee": false,
                        "isCosting": false,
                        "isReversion": false
                    }
                ],
                "sheetWorkSchedule": {
                    "workshiftStartDate": "2008-06-16",
                    "workshift": {
                        "tableId": "218221ECFCBA47C28BD96B8E7DFFC4B4",
                        "name": "08:00 1200-1330 1800/Hor.Rígid (Vigente desde 16/06/2008)"
                    },
                    "workshiftGroup": {
                        "tableId": "D4EACBB143E84AEFAFBDA5D2A72C0A5F",
                        "name": "1 (Vigente desde 16/06/2008)"
                    },
                    "customFieldsHistoricalWorkshift": []
                },
                "sheetOtherContract": {
                    "otherContractType": {
                        "key": "SINGLE_CONTRACT",
                        "value": "Contrato único"
                    },
                    "customFieldsOtherContract": []
                },
                "sheetEntries": {
                    "employeeInsurance": {
                        "insurance": [
                            {
                                "tableId": "EA48D00A2A1F413B85B4ACF6FBC8C6C3",
                                "name": "2 - Plano Saude S.",
                                "InsuranceName": "Plano Saude S.",
                                "InsuranceCode": "2"
                            }
                        ]
                    }
                },
                "sheetComplement": {
                    "retirementType": null,
                    "retirementDate": null,
                    "taxExemption": null,
                    "movementSefipRetirement": null,
                    "transportationVoucherScale": null,
                    "pointEmbarkation": null,
                    "transportationVoucherStartDate": null,
                    "healthAndSafety": {
                        "lastMedicalExaminationDate": "2009-03-30",
                        "nextMedicalExaminationDate": "2010-10-18"
                    },
                    "healthPlan": {
                        "healthPlanType": null,
                        "healthPlanCode": null,
                        "registrationCode": null,
                        "inclusionDate": null,
                        "exclusionDate": null,
                        "healthplanCode": null
                    },
                    "qualificationStructure": {
                        "qualification": null,
                        "wagescale": null,
                        "wageclass": null,
                        "wagelevel": null
                    },
                    "badge": null,
                    "issueDotCard": {
                        "key": "Yes",
                        "value": "Sim"
                    },
                    "controlPoint": {
                        "key": "TYPE_4",
                        "value": "Não Conta"
                    },
                    "deleteClockingEventType": {
                        "key": "TYPE_1",
                        "value": "Não eliminar"
                    },
                    "customFieldsHistoricalTransportationVoucherScale": [],
                    "customFieldsRetirement": [],
                    "healthPlanType": null
                }
            }
        }
    }
}